Video_Title,Video_Link,Channel_Name,Channel_Link,Total_Views,Publish_Date,Description
"
            
            Data Science In 5 Minutes | Data Science For Beginners | What Is Data Science? | Simplilearn
          ",https://www.youtube.com/watch?v=X3paOmcrTjQ,Simplilearn,https://www.youtube.com/c/SimplilearnOfficial,2.9M views,3 years ago,"Boost your career with Simplilearn's 6-months Data Science Job Guarantee Program with a placement, guarantee! Land your ..."
"
            
            What REALLY is Data Science? Told by a Data Scientist
          ",https://www.youtube.com/watch?v=xC-c7E5PK0Y,Joma Tech,https://www.youtube.com/c/JomaOppa,3.1M views,4 years ago,Interested in Data Science? Start with learning SQL to query data. You'll need it no matter which part of the data science pyramid ...
"
            
            What is Data Science?
          ",https://www.youtube.com/watch?v=RBSUwFGa6Fk,IBM Technology,https://www.youtube.com/c/IBMTechnology,28K views,3 months ago,"Data Science is the convergence of computer science, mathematics, and business expertise and helps entrepreneurs predict, ..."
"
            
            These 6 Data Jobs Pay the Most in 2022 | Popular Data Science Careers | Career Guide | SCALER
          ",https://www.youtube.com/watch?v=EZ66rpf_Ihg,SCALER,https://www.youtube.com/c/SCALER,"Premieres 10/1/22, 7:00 PM",,
"
            
            Top Courses to Learn Data Science Skills FAST!
          ",https://www.youtube.com/watch?v=ho9vNL4MYZ8,Thu Vu data analytics,https://www.youtube.com/c/Thuvu5,7.7K views,2 days ago,Hi data nerds! Today I'm sharing with you my recommended learning roadmap and the courses to help you learn the core data ...
"
            
            The Harsh Reality of Being a Data Scientist
          ",https://www.youtube.com/watch?v=pn0PUY0jwGQ,Sundas Khalid,https://www.youtube.com/c/SundasKhalid,167K views,1 month ago,"Data Scientist is a great role to be in but it comes with its cons. In this video, we are discussing the unglamorous side of data ..."
"
            
            Learn Data Science Tutorial - Full Course for Beginners
          ",https://www.youtube.com/watch?v=ua-CiDNNj30,freeCodeCamp.org,https://www.youtube.com/c/Freecodecamp,2.2M views,3 years ago,"Learn Data Science is this full tutorial course for absolute beginners. Data science is considered the ""sexiest job of the 21st ..."
"
            
            Data Science Full Course - Learn Data Science in 10 Hours | Data Science For Beginners | Edureka
          ",https://www.youtube.com/watch?v=-ETQ97mXXF0,edureka!,https://www.youtube.com/c/edurekaIN,2.6M views,3 years ago,----------Edureka Data Science Training & Certifications------------ Data Science Training using Python: http://bit.ly/2P2Qbl8 ...
"
            
            Is Data Science Dying in 2022?
          ",https://www.youtube.com/watch?v=rqvyWUODZGE,Recall by Dataiku,https://www.youtube.com/c/RecallbyDataiku,122K views,2 months ago,"In this video, I talk about if data science is a dying field in 2022. I think this is a very legitimate concern since we've seen whole ..."
"
            
            Why you should not be a data scientist
          ",https://www.youtube.com/watch?v=sOZ8MxFw8TQ,Tina Huang,https://www.youtube.com/c/TinaHuang1,592K views,1 year ago,"I've been a FAANG data scientist for over a year now. While that's not a lot of time, I've had the amazing opportunity to work with ..."
"
            
            Data Science Career: (Is Becoming A Data Scientist ACTUALLY Worth It?)
          ",https://www.youtube.com/watch?v=O9nf1CqjGzI,Shane Hummus,https://www.youtube.com/c/ShaneHummus,74K views,7 months ago,---------- These videos are for entertainment purposes only and they are just Shane's opinion based off of his own life experience ...
"
            
            How I Would Learn Data Science in 2022
          ",https://www.youtube.com/watch?v=Rt6eb9VOFII,Recall by Dataiku,https://www.youtube.com/c/RecallbyDataiku,157K views,7 months ago,"In this video, I go through how I would learn data science in 2022. Tina's channel: https://youtube.com/c/TinaHuang1 Learn more ..."
"
            
            🔥Data Science Full Course 2022 | Data Science | Data Science For Beginners | Simplilearn
          ",https://www.youtube.com/watch?v=xvEKQefqQ7A,Simplilearn,https://www.youtube.com/c/SimplilearnOfficial,292K views,Streamed 8 months ago,"Boost your career with Simplilearn's 6-months Data Science Job Guarantee Program with a placement, guarantee! Land your ..."
"
            
            Data Scientist Reveals the Best Way to Become Rich
          ",https://www.youtube.com/watch?v=oMn8zc5NlL4,Chris Williamson,https://www.youtube.com/c/ModernWisdomPodcast,289K views,3 months ago,Seth-Stephens Davidowitz explains how to become rich using data. Who are the secret rich people in America? Why do some ...
"
            
            👩🏻‍💻 How to learn Data Science FASTER
          ",https://www.youtube.com/watch?v=lpSw_RAPmgc,Thu Vu data analytics,https://www.youtube.com/c/Thuvu5,34K views,4 months ago,"Hey data nerds , in today's video we'll be talking about some tips on how to learn data science faster. I struggled in the past to ..."
"
            
            Data Scientist vs Data Analyst vs Data Engineer: What's the difference?
          ",https://www.youtube.com/watch?v=XW0YptcgZSk,Recall by Dataiku,https://www.youtube.com/c/RecallbyDataiku,135K views,4 months ago,Twitter: https://twitter.com/dataiku Instagram: https://www.instagram.com/dataiku/ From Joma Media https://www.joma.media/
"
            
            real talk about my Data Scientist jobs + salary for entry level data science
          ",https://www.youtube.com/watch?v=5O9abIxIqNA,The Almost Astrophysicist,https://www.youtube.com/c/TheAlmostAstrophysicist,226K views,9 months ago,so I left astrophysics to become a data scientist straight out of college SO here are 5 massive realizations about the data science ...
"
            
            Coursera has an OFFICIAL Data Science Roadmap!? AND THEY RECOMMEND SAS???
          ",https://www.youtube.com/watch?v=y4yYTqjQHjM,Greg Hogg,https://www.youtube.com/c/GregHogg,8.5K views,3 months ago,The Pathway: Entry-Level Data Analyst ************************************************* Duke Data Science Math Skills: ...
"
            
            Reality behind data science, machine learning jobs
          ",https://www.youtube.com/shorts/R6u5EBWAssY,codebasics,https://www.youtube.com/c/codebasics,552K views,7 months ago,Reality behind data science jobs. Is machine learning really cool? Do you want to learn technology from me?
"
            
            FASTEST Way to Learn Data Science and ACTUALLY Get a Job
          ",https://www.youtube.com/watch?v=AI1eKN1Eldg,Power Couple,https://www.youtube.com/c/PowerCouple26,23K views,2 months ago,Becoming a Data Scientist requires mastering many different skills. In this video we will cover: 1. How to become a Data Scientist ...
"
            
            Should you become a Data Analyst to become a Data Scientist?
          ",https://www.youtube.com/watch?v=kr59DGtWDTs,Sundas Khalid,https://www.youtube.com/c/SundasKhalid,21K views,3 months ago,"Is data analyst a pre-requisite to become a data scientist? In this video, we are discussing common skillset between the two roles ..."
"
            
            A Day in the life of a Data Analyst in Chicago
          ",https://www.youtube.com/watch?v=gamjNp2CToQ,Justin Shin,https://www.youtube.com/c/JustinShin,327K views,4 months ago,In this video I'll be sharing my day as a data analyst and breaking down my data analytics workflow. I went on a business trip to ...
"
            
            Torino'da Master #02 - Data Science
          ",https://www.youtube.com/watch?v=L2e1d1hS5Ok,Politotsa,https://www.youtube.com/channel/UCnbD5DR1IJSz-YAfxkUVB4w,80 views,21 hours ago,Intro (00:00) Tanışma (00:09) Okurken Part-time Çalışmak (01:15) Adaylık ve Tercih Süreci: Nasıl bir arkaplana sahip olmak lazım ...
"
            
            Preparing for Government Services to becoming a data Analyst | Board Infinity - Placement Story
          ",https://www.youtube.com/watch?v=GxOiQlbH-8c,Board Infinity,https://www.youtube.com/c/BoardInfinity-accelerating-careers,665 views,20 hours ago,"In this video, we will discuss the Data Science learning journey of Praveen Kumar. Praveen completed his Btech in Mechanical ..."
"
            
            Le Wagon Munich | Demo Day Data Science #881 | Language Chatbot
          ",https://www.youtube.com/watch?v=e1-oAMzAf-c,Le Wagon,https://www.youtube.com/c/LeWagon,8 views,51 minutes ago,Let's build a chatbot that can communicate with you in different languages.
"
            
            Live Kaggle Coding - Enzyme Stability Prediction - Data Science Uncut Sep, 27 2022
          ",https://www.youtube.com/watch?v=RysBfZBmE-c,Medallion Data Science,https://www.youtube.com/channel/UCxladMszXan-jfgzyeIMyvw,2.2K views,Streamed 1 day ago,On this stream we talked about our ongoing kaggle competition about corn image classification. Then we took a look at the new ...
"
            
            Python Interview Questions for Data Science Role| 6 of Top 10 Questions | Concatenate Lists Elements
          ",https://www.youtube.com/watch?v=KLFrJwntn5Y,Learnerea,https://www.youtube.com/channel/UCArCI8B7Vlls-HNH-UqW68A,No views,19 hours ago,"Tags - python interview questions, python interview questions for freshers, python coding interview questions, python interview ..."
"
            
            Data Science at QUT
          ",https://www.youtube.com/watch?v=ohVXVI4feMA,Australian Data Science Network,https://www.youtube.com/channel/UCd-mZ4GVNb0VFIJeEV6SoiQ,13 views,9 hours ago,"At QUT, Data Science is a team sport. In this video from the QUT Centre for Data Science, Centre leaders talk about the ..."
"
            
            23 Questions with Data Science Analytics Grads
          ",https://www.youtube.com/watch?v=N7cIu5BXEtU,ExpediaGroup,https://www.youtube.com/user/ExpediaInc,26 views,15 hours ago,
"
            
            GRE Waiver For Data Science | GRE Waived Universities For Fall 2023 | MS in Data Science US | Yocket
          ",https://www.youtube.com/watch?v=PbqkNl1VrRQ,Yocket,https://www.youtube.com/c/Yocket-app,1.2K views,19 hours ago,GRE Waiver For Data Science | GRE Waived Universities For Fall 2023 | MS in Data Science US | Yocket Welcome to Yocket ...
"
            
            Data Science Project: Analyze FiveThirtyEight NBA Data
          ",https://www.youtube.com/watch?v=C0njGr4tSQY,Codecademy,https://www.youtube.com/c/codecademy,487 views,17 hours ago,"Data science is all around us, reshaping our world as we find new ways to put our data to good use. From recommender systems ..."
"
            
            Data Science in Matrix Organisation | Level Up 2022 - Part II
          ",https://www.youtube.com/watch?v=Z0fpoPtTtts,BI or DIE by reportingimpulse,https://www.youtube.com/c/BIorDIEbyreportingimpulse,30 views,Streamed 23 hours ago,"Anna erzählt euch, was eine Matrix-Organisation ist und wie Data Science eigentlich in das Konzept passt - oder auch nicht?"
"
            
            NO Master's DEGREE to DATA SCIENTIST @ Microsoft 🔥! She Cracked It In 1.5 YEARS 🔥 35+ LPA CTC ❤️
          ",https://www.youtube.com/watch?v=USxab2QN3hA,E-Learning Bridge,https://www.youtube.com/c/LearningBridge,444K views,2 months ago,"Discussed Questions: ✓ 0:00 -- Inspiring Lines From Podcast ✓ 1:35 -- Guaranteed Job For Data Analysts, ..."
"
            
            BAD SALARY HIKE to 25 LPA - 30 LPA CTC🔥 AZURE DATA ENGINEER ROADMAP ⭐ Hottest JOB in The Market🔥
          ",https://www.youtube.com/watch?v=T3dnttAlwjU,E-Learning Bridge,https://www.youtube.com/c/LearningBridge,19K views,5 days ago,... Complete Journey in AZURE Data Engineering ✓ 5:39 -- UPCOMING Data Science Bootcamp ✓ 7:54 -- Basics of Cloud Data ...
"
            
            Data Scientist Job, Career & Salary | Data Scientist Salary | Data Science | Edureka Rewind - 2
          ",https://www.youtube.com/watch?v=FyvlgSHCi6k,edureka!,https://www.youtube.com/c/edurekaIN,565 views,Streamed 1 hour ago,Edureka Data Science with Python Certification Course ...
"
            
            Iron Analyst - Data Analysis & Visualisation
          ",https://www.youtube.com/watch?v=QNOyxX2o3tU,Bright Data,https://www.youtube.com/c/BrightData,13K views,7 days ago,Watch the Iron Analyst [2022] - Powered by Bright Data Learn More: https://brightdata.com/iron-analyst. Seven data analysts and ...
"
            
            Full Stack Data Science by Mr. Vamshi Krishna Sir
          ",https://www.youtube.com/watch?v=BMBtPneVNho,Durga Software Solutions,https://www.youtube.com/c/DurgaSoftwareSolutions,10 watching,,Full Stack Data Science by Mr. Vamshi Krishna Sir.
"
            
            Machine Learning for Everybody – Full Course
          ",https://www.youtube.com/watch?v=i_LwzRVP7bg,freeCodeCamp.org,https://www.youtube.com/c/Freecodecamp,98K views,2 days ago,Learn Machine Learning in a way that is accessible to absolute beginners. You will learn the basics of Machine Learning and how ...
"
            
            Day in the Life of a Data Analyst - SurveyMonkey Data Transformation
          ",https://www.youtube.com/watch?v=pKvWD0f18Pc,Shashank Kalanithi,https://www.youtube.com/c/ShashankKalanithiData,2M views,1 year ago,This is a tutorial of a project I did for a client where I transformed data using Excel and Python. I explain and walk you through the ...
"
            
            How to Select Project for Data Science? l  Tips to Select Projects in Data Science l Freshers
          ",https://www.youtube.com/watch?v=1RqPuVbwLvo,Engineering Wala Bhaiya,https://www.youtube.com/channel/UCU3PwUp0RENg1dLlldjjx3w,"Premieres 9/30/22, 10:30 AM",,
"
            
            A Day in The Life of a Google Data Scientist (Analytics)
          ",https://www.youtube.com/watch?v=CSdpk6NzvhY,Sundas Khalid,https://www.youtube.com/c/SundasKhalid,792K views,11 months ago,"Hi friends, sharing a typical day in my life at Google. I have been at Google for the past two years and truly enjoy the Google office ..."
"
            
            Нейросеть на Python: просто о сложной математике в Data Science. Интенсив по машинному обучению
          ",https://www.youtube.com/watch?v=AmjyqSjpRrw,Skillbox Программирование,https://www.youtube.com/channel/UCHJZFCpwlXV7Sie1dV6pQLw,765 views,Streamed 16 hours ago,"Главный методист технического направления Skillbox Михаил Овчинников провёл вебинар, посвящённый примерам ..."
"
            
            Exploring the Career Opportunities in Data Science - Org. By Dept. of Economics & IQAC, BGC/22-09-22
          ",https://www.youtube.com/watch?v=3EYZm2c8uV8,Barasat Government College (NAAC  'A' Grade),https://www.youtube.com/channel/UCr5If-iTaBTIc-Rz0YZYh9w,11 views,8 hours ago,"Exploring the Career Opportunities in Data Science - Org. By Dept. of Economics & IQAC, BGC on 22nd Sept. 2022 Venue: ..."
"
            
            7 TIPS For BEGINNERS🔥TRAP of DATA ENGINEER vs DATA SCIENTIST ??
          ",https://www.youtube.com/watch?v=JJC8SVrGMek,E-Learning Bridge,https://www.youtube.com/c/LearningBridge,6.9K views,23 hours ago,#datascience #career #success.
"
            
            DataScience Guru Lanzamiento
          ",https://www.youtube.com/watch?v=Nmigr08oFJw,ESTEVAN GOMEZ,https://www.youtube.com/channel/UC7KDl6c_VLci9xAyVprrUwA,13 views,10 hours ago,Explicamos la Filosof[ia de Trabajo y las opciones de aprendizaje en Data Science Guru Se compara el mercado laboral de los ...
"
            
            Complete Statistics For Data Science In 6 hours By Krish Naik
          ",https://www.youtube.com/watch?v=LZzq1zSL1bs,Krish Naik,https://www.youtube.com/user/krishnaik06,72K views,3 months ago,"Statistics is the discipline that concerns the collection, organization, analysis, interpretation, and presentation of data. In applying ..."
"
            
            Quindi vuoi fare data science? I consigli di Riccardo Balloch, Data Scientist
          ",https://www.youtube.com/watch?v=YqQMMIdNf-A,Penso Dunque Realizzo,https://www.youtube.com/channel/UCoZuxJUf8vFv7tAVo0tX3Wg,10 views,Streamed 14 hours ago,"Assieme a Riccardo Balloch, Data Scientist presso Reply, cerchiamo di fare chiarezza per chi vorrebbe entrare nel campo della ..."
"
            
            Solving real world data science tasks with Python Pandas!
          ",https://www.youtube.com/watch?v=eMOA1pPVUc4,Keith Galli,https://www.youtube.com/c/KGMIT,1.1M views,2 years ago,In this video we use Python Pandas & Python Matplotlib to analyze and answer business questions about 12 months worth of ...
"
            
            #short What is Data Science
          ",https://www.youtube.com/watch?v=Jk_XQ0FqOeU,Joshua Owoyemi,https://www.youtube.com/c/JoshuaOwoyemiAI,No views,34 minutes ago,
"
            
            Data Science in Political Communication | Certificate Program
          ",https://www.youtube.com/watch?v=Dq-BDWJs78E,TUM Institute for LifeLong Learning,https://www.youtube.com/c/TUMInstituteforLifeLongLearning,7 views,23 hours ago,Using innovative methods to understand the impact of social media on democracy! This certificate program “Data Science in ...
"
            
            FASTEST Way to Become a Data Analyst and ACTUALLY Get a Job
          ",https://www.youtube.com/watch?v=AYWLZ1lES6g,Stefanovic,https://www.youtube.com/c/Stefanovic92,760K views,2 months ago,#dataanalytics #datascience #data ▻FOLLOW MY JOURNEY: Instagram: https://instagram.com/stefanovic92 ▻1-1 COACHING ...
"
            
            Tools I use as a Data Analyst (ft. Coursera Plus)
          ",https://www.youtube.com/watch?v=0R1LCYpiQsw,Luke Barousse,https://www.youtube.com/c/LukeBarousse,25K views,9 days ago,Coursera Plus ($100 Off) https://lukeb.co/100offCourseraPlus Video Course Recommendations: Google Data Analytics ...
"
            
            Machine Learning Course for Beginners
          ",https://www.youtube.com/watch?v=NWONeJKn6kc,freeCodeCamp.org,https://www.youtube.com/c/Freecodecamp,913K views,1 year ago,Learn the theory and practical application of machine learning concepts in this comprehensive course for beginners. Learning ...
"
            
            Python Machine Learning Tutorial (Data Science)
          ",https://www.youtube.com/watch?v=7eh4d6sabA0,Programming with Mosh,https://www.youtube.com/c/programmingwithmosh,1.5M views,2 years ago,Want to learn more from me? Courses: https://codewithmosh.com Twitter: https://twitter.com/moshhamedani Facebook: ...
"
            
            Data Analysis with Python - Full Course for Beginners (Numpy, Pandas, Matplotlib, Seaborn)
          ",https://www.youtube.com/watch?v=r-uOLxNrNk8,freeCodeCamp.org,https://www.youtube.com/c/Freecodecamp,2.1M views,2 years ago,Course created by Santiago Basulto from RMOTR Check out all Data Science courses from RMOTR: https://rmotr.com ...
"
            
            Data Analytics Full Course 2022 | Data Analytics For Beginners | Data Analytics Course | Simplilearn
          ",https://www.youtube.com/watch?v=CaqJ65CIoMw,Simplilearn,https://www.youtube.com/c/SimplilearnOfficial,386K views,Streamed 8 months ago,What is Data Analytics Data Analytics for Beginners Data Analytics Using Phyton Top 10 skills to become a Data analyst in 2022 ...
"
            
            Complete Data Analyst Roadmap | How to become a Data Analyst | Data Analytics Career Job and Course
          ",https://www.youtube.com/watch?v=A4Z-A-oUPuc,Anuj Bhaiya,https://www.youtube.com/c/AnujBhaiya,367K views,6 months ago,"Hey guys, In this video, We're going to discuss the Complete Roadmap to Become a Data Analyst in 2022. Join Crio to Start your ..."
"
            
            Data Analysis with Python Course - Numpy, Pandas, Data Visualization
          ",https://www.youtube.com/watch?v=GPVsHOlRBBI,freeCodeCamp.org,https://www.youtube.com/c/Freecodecamp,1.5M views,1 year ago,"Learn the basics of Python, Numpy, Pandas, Data Visualization, and Exploratory Data Analysis in this course for beginners."
"
            
            All Data Science Degree Courses For FREE! Harvard MIT Free Courses 2022
          ",https://www.youtube.com/watch?v=mVqyNv2fBn4,Ishan Sharma,https://www.youtube.com/c/IshanSharma7390,209K views,6 months ago,Timestamps 0:00 Scope of Data Science 1:35 Salary of a Data Scientist 2:50 Free Data Science Masterclasses by Scaler ...
"
            
            Machine Learning Full Course in Hindi | Learn Machine Learning in 5 Hours | Great Learning
          ",https://www.youtube.com/watch?v=IoZGSQ07e8g,Great Learning,https://www.youtube.com/c/GreatLearningOfficial,259K views,1 year ago,"... to get access to 1000+ free courses with free certificate on Data Science, Data Analytics, Digital Marketing, Artificial Intelligence, ..."
"
            
            How I Would Learn Data Science in 2022 (If I Could Start Over)
          ",https://www.youtube.com/watch?v=65yXoFc5stI,Sundas Khalid,https://www.youtube.com/c/SundasKhalid,108K views,8 months ago,"Hi friends, in today's video I am sharing my framework on how I would learn data science in 2022 if I had to start all over again."
"
            
            How I Would Learn Data Science in 2022 (If I Could Start Over) part 2
          ",https://www.youtube.com/watch?v=8UUhGXmT0O8,Sundas Khalid,https://www.youtube.com/c/SundasKhalid,21K views,2 months ago,"Hi friends, in today's video I am sharing the framework + top data science Coursera courses on how I would learn data science in ..."
"
            
            Data science roadmap: What skills you should learn first?
          ",https://www.youtube.com/watch?v=ylOILe-Sc-w,Sundas Khalid,https://www.youtube.com/c/SundasKhalid,339K views,1 year ago,"Hi friends, in today's video I am sharing my self-taught data science roadmap and first skill you should learn as well as learnings ..."
"
            
            How I Would Learn Data Science in 2022 (If I Had to Start Over)
          ",https://www.youtube.com/watch?v=xpIFS6jZbe8,Ken Jee,https://www.youtube.com/c/KenJee1,281K views,9 months ago,"Every year, I like to refresh my advice about how I would go about learning data science from ground zero. The data domain is ..."
"
            
            Data Scientist Overview
          ",https://www.youtube.com/watch?v=J68XETxye7g,Shane Hummus,https://www.youtube.com/c/ShaneHummus,12K views,4 months ago,00:00 Intro 00:08 What we will talk about in this video 00:37 What is Data Science? 02:21 Job satisfaction as a Data Scientist ...
"
            
            Reality behind data science, machine learning jobs
          ",https://www.youtube.com/shorts/R6u5EBWAssY,codebasics,https://www.youtube.com/c/codebasics,552K views,7 months ago,Reality behind data science jobs. Is machine learning really cool? Do you want to learn technology from me?
"
            
            Real Talk with A Spotify Data Scientist (landed 7 tech job offers)
          ",https://www.youtube.com/watch?v=w-TtxkmWEZA,Recall by Dataiku,https://www.youtube.com/c/RecallbyDataiku,8.3K views,3 months ago,"In this video, we interview Jeff Li who is currently a Sr. Data Scientist at Spotify, one of the largest streaming companies in the ..."
"
            
            Coursera has an OFFICIAL Data Science Roadmap!? AND THEY RECOMMEND SAS???
          ",https://www.youtube.com/watch?v=y4yYTqjQHjM,Greg Hogg,https://www.youtube.com/c/GregHogg,8.5K views,3 months ago,The Pathway: Entry-Level Data Analyst ************************************************* Duke Data Science Math Skills: ...
"
            
            What is Data Science?
          ",https://www.youtube.com/watch?v=t8JRidxZCXU,CodeWithHarry,https://www.youtube.com/c/CodeWithHarry,1.1M views,1 year ago,What exactly is data science - A question many beginners ask. This video will answer this question and will teach you exactly what ...
"
            
            Work Week In My Life | Data Scientist at Spotify
          ",https://www.youtube.com/watch?v=nLPve1gGSMU,juliafei,https://www.youtube.com/c/juliafei,574K views,4 months ago,"Hi Friends, I'm finally back with another work week in my life video! So much has changed since I filmed the last one so I wanted to ..."
"
            
            The math you actually need to know for data science.
          ",https://www.youtube.com/watch?v=eJtHzkMy_1k,Damsel in Data,https://www.youtube.com/channel/UCenqe6Cvfd47aHAOb9Qe8yA,38K views,1 year ago,datascience #machinelearning #math Timing Breakdown 0:00 - Intro & Overview 1:53 - Statistics & Probability 4:14 - Linear ...
"
            
            How I Became a Self-Taught Data Scientist with Non-Tech Background
          ",https://www.youtube.com/watch?v=Zoc9USYVdWM,Sundas Khalid,https://www.youtube.com/c/SundasKhalid,37K views,3 months ago,"Hi friends, I am sharing my transition to data science with non-tech background as well as my experience working at big tech ..."
"
            
            3 Types of Data Science Interview Questions
          ",https://www.youtube.com/watch?v=4Z6lxfglvUU,Joma Tech,https://www.youtube.com/c/JomaOppa,583K views,4 years ago,Join my Crypto Discord Server and be part of my NFT project: https://discord.gg/vaxxeddoggos https://twitter.com/VaxxedDoggos ...
"
            
            Do you work in data science? #datascience #career #shorts
          ",https://www.youtube.com/shorts/FvGRKQipTP8,The Final Round,https://www.youtube.com/c/TheFinalRoundPod,1.5M views,2 months ago,How many hours a week do you work usually at least 60. what do you do for work i'm a data scientist how did you break into data ...
"
            
            Data Scientist vs Data Analyst | Which Is Right For You?
          ",https://www.youtube.com/watch?v=fUpChfNN5Uo,Alex The Analyst,https://www.youtube.com/c/AlexTheAnalyst,623K views,2 years ago,"Data Scientists and Data Analysts are some of the most sought after jobs in the data world. Both share a lot of similar tools, but the ..."
"
            
            What is Data Science? | Introduction to Data Science | Data Science for Beginners | Simplilearn
          ",https://www.youtube.com/watch?v=KxryzSO1Fjs,Simplilearn,https://www.youtube.com/c/SimplilearnOfficial,410K views,4 years ago,"Boost your career with Simplilearn's 6-months Data Science Job Guarantee Program with a placement, guarantee! Land your ..."
"
            
            Do You Need Math for Data Science?
          ",https://www.youtube.com/watch?v=jjidSjVnOLk,Sundas Khalid,https://www.youtube.com/c/SundasKhalid,46K views,10 months ago,"ABOUT ME I'm Sundas. I'm a self-taught data scientist from a non-tech background, currently at a FAANG company. I have been ..."
"
            
            Demystifying Data Science | Mr.Asitang Mishra | TEDxOakLawn
          ",https://www.youtube.com/watch?v=iJUzouXg5kY,TEDx Talks,https://www.youtube.com/user/TEDxTalks,115K views,3 years ago,In this talk Mr.Asitang Mishra relates his experiences as a Data Scientist at the world famous NASA Jet Propulsion Laboratory ...
"
            
            DATA SCIENCE INTERVIEW GUIDE | every type of interview question explained
          ",https://www.youtube.com/watch?v=PNr51ZJkoBU,The Almost Astrophysicist,https://www.youtube.com/c/TheAlmostAstrophysicist,13K views,7 months ago,"As a data scientist at a tech start-up and someone who's interviewed people in the past, there is only so much an interviewer can ..."
"
            
            How I Would Learn to be a Data Analyst
          ",https://www.youtube.com/watch?v=CC66RXeTn_4,Luke Barousse,https://www.youtube.com/c/LukeBarousse,792K views,8 months ago,... Data Science https://lukeb.co/SQLdataScience Excel Skills for Business https://lukeb.co/ExcelBusinessAnalyst Data ...
"
            
            DATA SCIENTIST CAREER STORY (how I became a data scientist & revealing my salaries)
          ",https://www.youtube.com/watch?v=A2v4_SFd9Cc,Damsel in Data,https://www.youtube.com/channel/UCenqe6Cvfd47aHAOb9Qe8yA,19K views,7 months ago,Ever wanted to hear about the career journey of a data scientist who thinks she's qualified enough to make over-produced videos ...
"
            
            Software Engineering vs Data Science in Practice
          ",https://www.youtube.com/watch?v=uQLxLpq-gwc,Recall by Dataiku,https://www.youtube.com/c/RecallbyDataiku,17K views,6 months ago,"In this video, I talk about the differences between software engineering and data science in practice. Tina's channel: ..."
"
            
            Master Data Science in 3 Months | IIT-M CCE Certified Programming Professional | GUVI
          ",https://www.youtube.com/watch?v=TADdGTp56OQ,ZenClass from GUVI,https://www.youtube.com/c/ZenClassfromGuvi,12K views,1 year ago,"Undoubtedly, Data Science is the sexiest job of this century. Do you find it too overwhelming to be achieved? One thing to ..."
"
            
            Highest Paid Jobs of Future | Data Scientist Complete Detail Hindi | Courses | Salary | Degree's
          ",https://www.youtube.com/watch?v=Scg59_McA8Q,Praveen Dilliwala,https://www.youtube.com/c/PraveenDilliwala,626K views,2 years ago,Highest Paid Jobs of Future | Data Scientist Complete Detail Hindi | Courses | Salary | Degree's Follow us on : Facebook ...
"
            
            5 Impactful Data Science Projects For Your Portfolio
          ",https://www.youtube.com/watch?v=QMP858aZcow,Ken Jee,https://www.youtube.com/c/KenJee1,26K views,3 months ago,datascience #KenJee #machinelearning I walk through 5 high-impact data science projects that you can add to your data science ...
"
            
            Web Developer VS Data Scientist | Detailed Comparison between Web Development and Data Science
          ",https://www.youtube.com/watch?v=c1Na590Fyqk,Coding for All | Newton School,https://www.youtube.com/channel/UCjcju-aD_ZcWxiXF5lvqntg,8.4K views,1 month ago,"Web Developer VS Data Scientist | Detailed Comparison between Web Development and Data Science - In this video, Abhijeet ..."
"
            
            How to learn data science in 2022 (the minimize effort maximize outcome way)
          ",https://www.youtube.com/watch?v=Axu4tJl8gbM,Tina Huang,https://www.youtube.com/c/TinaHuang1,443K views,1 year ago,"In this video, I cover how to learn data science in 2022 (which tbh is the same as how I would learn data science in 2021still lol) ..."
"
            
            The most important skills of data scientists | Jose Miguel Cansado | TEDxIEMadrid
          ",https://www.youtube.com/watch?v=qrhRfPY4F4w,TEDx Talks,https://www.youtube.com/user/TEDxTalks,237K views,5 years ago,"How big data starts to drive the world, and what kind of skills will you need to interpret it? General Director of Alto Data Analytics, ..."
"
            
            DO NOT STUDY Data Science and Business Analytics IF...
          ",https://www.youtube.com/watch?v=gUukBKtwjQo,Desi American Professor,https://www.youtube.com/c/DesiAmericanProfessor,117K views,4 months ago,https://www.instagram.com/desiamericanprofessor/
"
            
            Intro to Data Science - Crash Course for Beginners
          ",https://www.youtube.com/watch?v=N6BghzuFLIg,freeCodeCamp.org,https://www.youtube.com/c/Freecodecamp,328K views,3 years ago,"In this course for beginners, you will learn about: 1. Statistics: we talk about the types of data you'll encounter, types of averages, ..."
"
            
            Data Science In Australia Q And A (PR, Lifestyle, Salary!)
          ",https://www.youtube.com/watch?v=eQ_QkOnVVO0,Samanvay Karambhe,https://www.youtube.com/c/SamanvayKarambhe,5.6K views,6 months ago,"Data Science is a growing industry in Australia. Over the past few months, I have gotten tons of common questions about the state ..."
"
            
            Complete Roadmap to Become a Data Scientist
          ",https://www.youtube.com/watch?v=XnNzck5-HdQ,CodeWithHarry,https://www.youtube.com/c/CodeWithHarry,1.1M views,2 years ago,How to become a Data Scientist: Become a self taught data scientist using this learning path. This video will teach you about data ...
"
            
            Learn Data Science step by step in Hindi | Data Science Tutorial for Beginners | Great Learning
          ",https://www.youtube.com/watch?v=N2UPlYHmvmk,Great Learning,https://www.youtube.com/c/GreatLearningOfficial,141K views,1 year ago,"To keep up with the ever-evolving aspects of data and its domains, data handling and analysis have become crucial to ..."
"
            
            What Is Data Science? (Explained in 5 Minutes)
          ",https://www.youtube.com/watch?v=uswU1s3M2VE,365 Data Science,https://www.youtube.com/c/365DataScience,97K views,1 year ago,You want to learn what Data Science is? And you like brief explanations? Then this is the perfect video for you! Video ...
"
            
            They became Data Analysts with THIS - Google Data Analytics Certificate: One Year Later
          ",https://www.youtube.com/watch?v=MSlIfGSI6bo,Luke Barousse,https://www.youtube.com/c/LukeBarousse,325K views,5 months ago,"What's up, Data Nerds! I interviewed four graduates of the Google Data Analytics Professional Certificate program from Coursera."
"
            
            Data Science Salaries for 2022
          ",https://www.youtube.com/watch?v=aXnY-QlW3vM,Data Science Jay,https://www.youtube.com/c/DataScienceJay,15K views,5 months ago,Let's have a look at data science salaries for 2022. See what real salaries are and how you can use these in your next salary ...
"
            
            NON-Tech/NON-CS Can Not Crack DATA SCIENCE Jobs !!🙄 Reality ???🔥🔥
          ",https://www.youtube.com/watch?v=EVyfmzg6jT4,E-Learning Bridge,https://www.youtube.com/c/LearningBridge,42K views,2 months ago,Discussed Questions: ✓ 0:00 -- Mind-blowing stats ✓ 1:56 -- Shruti's Introduction & Past Background ✓ 3:20 ...
"
            
            Statistics for Data Science | Probability and Statistics | Statistics Tutorial | Ph.D. (Stanford)
          ",https://www.youtube.com/watch?v=Vfo5le26IhY,Great Learning,https://www.youtube.com/c/GreatLearningOfficial,1.3M views,2 years ago,Great Learning offers a range of extensive Data Science courses that enable candidates for diverse work professions in Data ...
"
            
            Data Science Interview Questions | Data Science Interview Questions Answers And Tips | Simplilearn
          ",https://www.youtube.com/watch?v=5JZsSNLXXuE,Simplilearn,https://www.youtube.com/c/SimplilearnOfficial,198K views,3 years ago,"Boost your career with Simplilearn's 6-months Data Science Job Guarantee Program with a placement, guarantee! Land your ..."
"
            
            Data Science in Hindi
          ",https://www.youtube.com/watch?v=qcqT5SqE8BY,Intellectual Indies,https://www.youtube.com/c/IntellectualIndies,434K views,3 years ago,Data Science in Hindi Learn Digital Marketing(Offline Course) Or Make Your Business Digital With Lapaas- Digital Marketing ...
"
            
            Our Data Science Journey | Interview with Data Scientists  | America lo Telugu Abbayi
          ",https://www.youtube.com/watch?v=SKdwDx_RGrE,America lo Telugu Abbayi,https://www.youtube.com/c/AmericaloTeluguAbbayi,82K views,10 months ago,"Hello All, అందరికీ నమస్కారం , Welcome back to my channel అమెరికా లో తెలుగు అబ్బాయి."
"
            
            Fix this before you choose Data Science! #datascientist #shorts #developer #programming
          ",https://www.youtube.com/shorts/MkooBL3tmyM,BEPEC - Career Transition Simplified,https://www.youtube.com/c/BEPEC,532K views,1 year ago,Looking for career guidance and Hike Guaranteed Career Transition Programs? Join our Career Transition Programs. Register ...
"
            
            highest paid jobs of future | how to become data scientist | scope of bs data science | data science
          ",https://www.youtube.com/watch?v=3zV-qAn5qo4,Ghulam Rasool Shahzada,https://www.youtube.com/c/GhulamRasoolShahzada,12K views,1 year ago,"In this video we will discuss complete information about bs data science Introduction,eligibility criteria,Duration,merit in public ..."
"
            
            5 Things I Wish I Knew When I Started Data Science
          ",https://www.youtube.com/watch?v=AgWWb_knCa4,Sundas Khalid,https://www.youtube.com/c/SundasKhalid,22K views,6 months ago,0:00 Intro 0:32 Data science job families 2:26 Dirty data 3:54 Learn about Shortform (sponsor) 5:43 Job search 7:07 Can you pull ...
"
            
            How I Got Into Data Science WITHOUT a Computer Science Degree | Tips on Working in Tech Philippines
          ",https://www.youtube.com/watch?v=qiKGdaqalT4,Oshean Lee Garonita,https://www.youtube.com/c/OsheanLeeGaronita,7.3K views,6 months ago,"For 8 years, I've worked in the development industry. I am not a graduate of BS Computer Science but I was able to work in the ..."
"
            
            Top 10 Data Science Certifications for 2022 | Data Science Certification | Data Science |Simplilearn
          ",https://www.youtube.com/watch?v=DNeOJkyqBvI,Simplilearn,https://www.youtube.com/c/SimplilearnOfficial,35K views,7 months ago,"Boost your career with Simplilearn's 6-months Data Science Job Guarantee Program with a placement, guarantee! Land your ..."
"
            
            Is Data Science Dying?
          ",https://www.youtube.com/watch?v=2qVWurPFwfc,Ken Jee,https://www.youtube.com/c/KenJee1,103K views,10 months ago,In this video I analyze if data science is dying. I address (1) is it trending downward? (2) Will it be automated and (3) Will there be ...
"
            
            Google Data Analytics Certificate | Should You Take It?
          ",https://www.youtube.com/watch?v=coxw6d1Aruk,The Work Life Man,https://www.youtube.com/c/TheWorkLifeMan,327K views,1 year ago,In this video I share my thoughts on the google data analytics certificate after completing the program. I talk about what you stand ...
"
            
            How To Become A Data Scientist In India || Best Jobs For PCM Students
          ",https://www.youtube.com/watch?v=00VflC8JeBU,study tips,https://www.youtube.com/channel/UCniia-3AGf-HzVXooVcp1lw,40K views,1 year ago,How To Become A Data Scientist In India || Best Jobs For PCM Students #datascientist #datascience #datasciencecourse ...
"
            
            How to choose between software engineering and data science | 5 Key Considerations
          ",https://www.youtube.com/watch?v=JUkSeqe1eYQ,Tina Huang,https://www.youtube.com/c/TinaHuang1,333K views,2 years ago,"Software Engineering vs Data Science? Last year, I made a choice between a software engineering and a data science position."
"
            
            Why Data Science So Popular? How To Learn Data Science Smartly? (Bengali)
          ",https://www.youtube.com/watch?v=iQEV5VM-vYI,STUDY MART,https://www.youtube.com/c/studymart,19K views,1 year ago,"Tags: data science,data science bangla,python for data science,what is data science,data science for beginners,data science ..."
"
            
            Data science|Data science nepal 01 | IT Nepal | Computer Nepal| Technology Nepal | Computer Engineer
          ",https://www.youtube.com/watch?v=r7gatFDvJGs,MythVine,https://www.youtube.com/channel/UCU4SLn9PDMZCINL4dVxv9OA,2.4K views,9 months ago,"Hello, Friends, My Name is Roshan and I'm 2nd year Student. This video explains how to become a Data scientist in Nepal. what ..."
"
            
            What Is The Difference Between Data Analytics And Data Science? | Malayalam
          ",https://www.youtube.com/watch?v=Vkx6oUoAHlg,m2power future,https://www.youtube.com/c/m2powerfuture,6.4K views,3 months ago,What Is The Difference Between Data Analytics And Data Science? | Data Science | Data Analytics | Data Engineer | Malayalam ...
"
            
            Data Science Full Course 2020 | Data Science For Beginners | Data Science from Scratch | Simplilearn
          ",https://www.youtube.com/watch?v=7WRlYJFG7YI,Simplilearn,https://www.youtube.com/c/SimplilearnOfficial,284K views,3 years ago,"Boost your career with Simplilearn's 6-months Data Science Job Guarantee Program with a placement, guarantee! Land your ..."
"
            
            Live Day 1- Introduction To statistics In Data Science
          ",https://www.youtube.com/watch?v=11unm2hmvOQ,Krish Naik,https://www.youtube.com/user/krishnaik06,331K views,Streamed 8 months ago,The Oneneuron Lifetime subscription has been extended. In Oneneuron platform you will be able to get 100+ courses(Monthly ...
"
            
            What is Data Science?
          ",https://www.youtube.com/watch?v=oMBE2TeH2no,cartoonbase,https://www.youtube.com/channel/UCL1eJPgSk3rykBKMoTtmYQA,27K views,4 years ago,"Everyone talks about Data Science and how great it is. Since we were not completely sure about how it is done, we asked our ..."
"
            
            What is data science in Hindi? Data Science क्या है ? | Coding Chaska
          ",https://www.youtube.com/watch?v=YaTYQQtMUx0,Coding Chaska,https://www.youtube.com/c/CodingChaskaYT,61K views,2 years ago,Data Science is the study of data. We try to get meaningful insights and knowledge from the available data. This video is divided ...
"
            
            34- Meet Pakistani Data Scientists-1 (Day-16)
          ",https://www.youtube.com/watch?v=Eis0hcl8gHU,Codanics,https://www.youtube.com/c/Codanics,7.2K views,Streamed 8 months ago,This course revolves around the basic concepts of using Python for Data Science in Urdu and Hindi language. The target ...
"
            
            Data Scientist vs Machine Learning Engineer | DS vs ML
          ",https://www.youtube.com/watch?v=rLvpY2v9hWQ,codebasics,https://www.youtube.com/c/codebasics,73K views,1 year ago,Data science and machine learning field is growing exponentially in recent times. In this video I will be explaining the difference ...
"
            
            How to get a job in Data Science field | Data Science Course With Placement | OdinSchool
          ",https://www.youtube.com/watch?v=4faHWyaWg2U,V the Techee,https://www.youtube.com/c/VtheTechee,53K views,7 months ago,How to get a job in Data Science field | Data Science Course With Placement | OdinSchool | V the Techee OdinSchool ...
"
            
            Data Science ! WARNING !  தமிழ்
          ",https://www.youtube.com/watch?v=gE5wniPqgaw,Data Engineering,https://www.youtube.com/c/atozknowledgevideos,55K views,1 year ago,Data Science ! WARNING ! தமிழ் #datascience Big Data Integration Book - https://bit.ly/3ipIlBx Video Playlist ...
"
            
            Why being a data scientist is awesome!
          ",https://www.youtube.com/watch?v=DoFZtsV25Zw,Tina Huang,https://www.youtube.com/c/TinaHuang1,257K views,1 year ago,"In the last video, we talked about why you should not be a data scientist. If you still think that data science could be the right career ..."
"
            
            What Is Data Analytics? - An Introduction (Full Guide)
          ",https://www.youtube.com/watch?v=yZvFH7B6gKI,CareerFoundry,https://www.youtube.com/user/careerfoundry,429K views,1 year ago,"What exactly is data analytics? What would you be doing as a data analyst, and what kind of hard and soft skills do you need to ..."
"
            
            Data Science Salary 2022 | South Africa
          ",https://www.youtube.com/watch?v=9Yz-5fIdzYI,Brilliant Academic,https://www.youtube.com/c/BrilliantAcademic,7.7K views,1 year ago,How much Data Scientists make in South Africa as at January 2021.
"
            
            How to become a Data scientist ?- Well Explained in Tamil
          ",https://www.youtube.com/watch?v=spf_WTGVUZQ,The Rise வேலைவாய்ப்பு,https://www.youtube.com/channel/UCHq97ChNfctzqkYqbTME7_g,20K views,11 months ago,TheRiseVelaivaippu #TRIDS #DataScience #FullStackDevelopment #DataAnalytics #BusinessAnalytics TO REGISTER ...
"
            
            Do not transition to data science | Why not to transition to data science
          ",https://www.youtube.com/watch?v=PfssVKzaL6E,Unfold Data Science,https://www.youtube.com/c/UnfoldDataScience,5.3K views,2 months ago,Do not transition to data science | Why not to transition to data science #datascience #machinelearning #unfolddatascience Hello ...
"
            
            ¿Vale la pena Data Science en 2022?
          ",https://www.youtube.com/watch?v=yq5sG6u7DQo,Rafa Gonzalez Gouveia,https://www.youtube.com/c/RafaGonzalezGouveia,36K views,8 months ago,Si no estás seguro de APRENDER ciencia de datos en 2022 mira este video. Puedes escribirme por instagram si tienes alguna ...
"
            
            Intro to Data Science: Overview
          ",https://www.youtube.com/watch?v=pzo13OPXZS4,Steve Brunton,https://www.youtube.com/c/Eigensteve,104K views,3 years ago,"This lecture provides an introductory overview to data science. I will discuss the high-level goals of this lecture series, and how ..."
"
            
            How to Learn Math for Data Science (and stay sane!)
          ",https://www.youtube.com/watch?v=A8Abf3u0ZIs,Thu Vu data analytics,https://www.youtube.com/c/Thuvu5,108K views,4 months ago,TIMESTAMPS ================================ 0:00 - Intro 0:37 - The math you need to know for DS 1:12 - !!You don't ...
"
            
            how to become data scientist | scope of data science | subjects of bs data science | data science
          ",https://www.youtube.com/watch?v=ep6lNnzU0GA,Ghulam Rasool Shahzada,https://www.youtube.com/c/GhulamRasoolShahzada,3.4K views,1 year ago,DataScience #BS_Programs #GhulamRasoolShahzada what is data science ? data science full course how to become data ...
"
            
            تعريف علم البيانات | What is Data Science?
          ",https://www.youtube.com/watch?v=TCW0JNctvTs,Mustafa Othman,https://www.youtube.com/c/MustafaOthman,42K views,2 years ago,يعني إيه علم البيانات ده اللي بنجاوب عليه في الفيديو الصغير ده Data Science Definition تقدروا تشوفوا الكورس بالكامل مجاناً من هنا ...
"
            
            Python For Data Science Full Course - 9 Hours | Data Science With Python | Python Training | Edureka
          ",https://www.youtube.com/watch?v=-6RqxhNO2yY,edureka!,https://www.youtube.com/c/edurekaIN,285K views,2 years ago,#edureka #PythonEdureka #pythonfordatasciencefullcourse #pythonprojects #pythonprogramming #pythontutorial ...
"
            
            What Professional Data Scientists ACTUALLY Do
          ",https://www.youtube.com/watch?v=iPdO9MwdcLE,Ken Jee,https://www.youtube.com/c/KenJee1,78K views,7 months ago,We often see the best parts of being a data scientist in day of the life videos. In this one I tell you what the whole experience is like.
"
            
            Solving Real-World Data Science Interview Questions! (with Python Pandas)
          ",https://www.youtube.com/watch?v=cc0HOiKN_ac,Keith Galli,https://www.youtube.com/c/KGMIT,28K views,2 months ago,In this video we solve a series of Data Science Interview questions on Stratascratch. We start with easy problems using Python ...
"
            
            PROJECTS that landed Data Jobs for my Subscribers
          ",https://www.youtube.com/watch?v=5Q0gB7imNOo,Luke Barousse,https://www.youtube.com/c/LukeBarousse,123K views,5 months ago,"Data Nerds! I'm looking to start a series where I showcase projects that landed my subscribers jobs in data science, analytics, ..."
"
            
            DataScience -  Courses & Job Opportunities (PART 1 ) - Malayalam
          ",https://www.youtube.com/watch?v=gqHa52GPcGs,TechieSpeak Malayalam,https://www.youtube.com/c/TechnologyMalayalamVideos,60K views,1 year ago,ഡേറ്റ സയൻസ് പഠിച്ചാൽ ജോലി കിട്ടുമോ? What are the potential job opportunities for data science?
"
            
            Data Scientist vs Data Analyst vs Data Engineer - Role, Skills, Salary, Demand | Intellipaat
          ",https://www.youtube.com/watch?v=0QYhaFyftLM,Intellipaat,https://www.youtube.com/c/Intellipaat,281K views,3 years ago,All Intellipaat trainings are provided by Industry experts and is completely aligned with industry standards and certification bodies.
"
            
            Best Data Science Degrees to Get Hired
          ",https://www.youtube.com/watch?v=2G-fS9Q6Z4M,365 Data Science,https://www.youtube.com/c/365DataScience,122K views,2 years ago,What are the best data science degrees to get hired? We did a lot of research and we can now share with you the best data ...
"
            
            How I Became Data Scientist/ML Engineer at age of 14
          ",https://www.youtube.com/watch?v=AqkVxq-I39E,Ayush Singh,https://www.youtube.com/c/AyushSinghSh,132K views,2 months ago,"Hey Guys! Today in this video, I am going to tell how I became a machine learning engineer and data scientist at 14. How I was ..."
"
            
            Complete Roadmap to Become a Data Scientist in 2022
          ",https://www.youtube.com/watch?v=lHKlCqx94OY,Greg Hogg,https://www.youtube.com/c/GregHogg,13K views,3 months ago,Here's the Pathway: Step 1: Duke University Mathematics: https://imp.i384100.net/Ke3PJA Step 2: Stanford Introduction to ...
"
            
            What is DATA SCIENCE? | Introduction l  R Programming  | Malayalam
          ",https://www.youtube.com/watch?v=vs9U0uQvido,Recode Guru,https://www.youtube.com/c/RecodeGuru,53K views,2 years ago,"In this video, Dalmy John explains - What is data science with the help of real-life examples and processes involved in data ..."
"
            
            4 Reasons Why You Might Love Working in Data Science
          ",https://www.youtube.com/watch?v=Do8ycToA1B0,Sundas Khalid,https://www.youtube.com/c/SundasKhalid,9.4K views,7 months ago,"Hi friends, I am dedicating this video to share things I enjoy about working in data science. I often talk about unglamorous side of ..."
"
            
            Ian Mutai- Learning Data Science Remotely
          ",https://www.youtube.com/watch?v=xbhkdkOdRiI,Moringa School,https://www.youtube.com/c/MoringaSchoolVideos,1.7K views,1 year ago,"Get to hear from Ian Mutai, a Data Science student at Moringa who is also undertaking his Electrical Engineering Engineering ..."
"
            
            Data Scientist Journey (in Hindi)| Why I choose Data Analytics as my career|Sangwans Studio
          ",https://www.youtube.com/watch?v=ggwJf828YKc,Sangwans Studio,https://www.youtube.com/channel/UCN2FNjALOC1OoryKcssOi5Q,565K views,2 years ago,"Hello Dosto, Read 2 books for FREE- ..."
"
            
            What REALLY is DATA SCIENCE? From a PINOY Data Scientist
          ",https://www.youtube.com/watch?v=hvTKoEFyktY,Pinoydatascientist,https://www.youtube.com/channel/UCTqbbm0ZhIZ0ya4TOUnH4ag,9.4K views,3 years ago,DataScience #DataScientist #DataScience101 #PinoyDataScientist Follow me on: Instagram: ...
"
            
            BIO STUDENT to DATA ANALYST🔥ZERO Knowledge of Computer Science 🙄 I - M - POSSIBLE 🔥😎!!
          ",https://www.youtube.com/watch?v=2HgDBMC6wss,E-Learning Bridge,https://www.youtube.com/c/LearningBridge,85K views,1 month ago,Discussed Questions: ✓ 0:00 -- Motivation Overloaded ✓ 1:49 -- Nidhi's Past Academic & Professional ...
"
            
            Data Scientist Job Description explained by Brillio Data Scientist
          ",https://www.youtube.com/watch?v=4mVcZWm3pd0,Springboard India,https://www.youtube.com/c/SpringboardInd,80K views,2 years ago,"In this video Indira Krishnamoorthi, Senior Data Scientist at Brillio and Mentor at Springboard talks about different Data Scientist ..."
"
            
            Why I Left Data Engineering for Data Science
          ",https://www.youtube.com/watch?v=wN_eu04kXhk,Sundas Khalid,https://www.youtube.com/c/SundasKhalid,54K views,10 months ago,"Hi friends, today I am sharing 3 reasons why I left data engineering. Let me know in comments if any of this resonated with you."
"
            
            FREE Data Science Online Courses with FREE certificate
          ",https://www.youtube.com/watch?v=XOgx6OyGF1Y,Etisha Garg,https://www.youtube.com/c/EtishaGarg,504K views,2 years ago,FREE Data Science Online Courses with FREE certificate This video is about the data science courses which are completely free ...
"
            
            علم البيانات - المختصر المفيد
          ",https://www.youtube.com/watch?v=VykLcJ0kdB4,Ali Shahin,https://www.youtube.com/c/AliShahin,40K views,6 months ago,علم البيانات - المختصر المفيد اهم و اغلى حاجة عند اي شركة هي البيانات و الي عشانها الشركة بتعمل مواقع و بتعمل انظمة عشان تحافظ عليها ...
"
            
            علم البيانات - data science
          ",https://www.youtube.com/watch?v=2EWPMOZLvoQ,Ali Shahin,https://www.youtube.com/c/AliShahin,161K views,1 year ago,علم البيانات - data science من اهم و افضل مجالات البرمجة الي موجودة في الوقت الحالي و الي الطلب عليها زاد جدا في سوق العمل و مرتباتها ...
"
            
            КАК ИЗУЧАТЬ DATA SCIENCE С НУЛЯ / Senior Data Scientist Мария Иванина / АйТиБорода Shorts #4
          ",https://www.youtube.com/watch?v=FME32_73ffA,Anywhere Club,https://www.youtube.com/c/AnywhereClub,12K views,1 month ago,"АйТиБорода / Shorts - это цикл мини-интервью, из которых вы узнаете как стать специалистом в конкретном направлении ..."
"
            
            La VÉRITÉ sur la DATA SCIENCE Au Canada 🇨🇦
          ",https://www.youtube.com/watch?v=kpi9hFZ15Gk,Data From Scratch - Willis,https://www.youtube.com/c/DataFromScratchWillis,3.4K views,5 months ago,Nouvelle vidéo : La VÉRITÉ sur la DATA SCIENCE Au Canada Cadeau gratuit - Résumé de toute cette vidéo et toutes les ...
"
            
            How to get job in data science in tamil | Machine learning Tamil | Tips to get job with high CTC| AI
          ",https://www.youtube.com/watch?v=bkJYwkjd9oQ,ABIN Channel,https://www.youtube.com/c/ABINChannel,48K views,10 months ago,How to get job for data science in tamil | Machine learning Tamil | Tips to get job with high CTC Relevel Apply Link: ...
"
            
            Why Data Science?
          ",https://www.youtube.com/watch?v=wk4xU1BOFQc,UBC Master of Data Science,https://www.youtube.com/channel/UCSJ_h9eR5xIu4fgL8ko-TEA,8.4K views,1 year ago,"There's no question that data is affecting the way we work, live, and think about the world. Everything we do generates data and ..."
"
            
            Data Science at TU Dortmund University
          ",https://www.youtube.com/watch?v=QNkmStNYkyc,TU Dortmund – International Office,https://www.youtube.com/c/TUDortmund-InternationalOffice,8.1K views,10 months ago,"Are you interested in statistics, mathematics and computer science? Modern statistical methods are used in every field of work in ..."
"
            
            Data Scientist Exposes Men & Women’s Real Dating Preferences
          ",https://www.youtube.com/watch?v=IyybKWC6JGY,Chris Williamson,https://www.youtube.com/c/ModernWisdomPodcast,312K views,4 months ago,Seth-Stephens Davidowitz explains what men and women truly want from a relationship based on Big Data analysis. Do women ...
"
            
            How I use SQL as a Data Analyst
          ",https://www.youtube.com/watch?v=GEBzsz8ZSXs,Luke Barousse,https://www.youtube.com/c/LukeBarousse,407K views,8 months ago,"Data Nerds!! Let's discuss how SQL is used in Data Science. For this, I cover the basics of how to use SQL; Additionally, we talk ..."
"
            
            Qué hace un DATA ANALYTICS, CUÁNTO GANA y cómo serlo 💻💸 Analista de datos
          ",https://www.youtube.com/watch?v=OGgqkJpjoFI,Estudiar con Manu,https://www.youtube.com/channel/UCcP5S4h4EmL0H2z_HA4BFEQ,86K views,3 months ago,Si querés empezar a TRABAJAR como DATA ANALYTICS o ANALISTA DE DATOS este video es para vos. Cuánto dinero se ...
"
            
            Data Science Interview Questions | Data Science Tutorial | Data Science Interviews | Edureka
          ",https://www.youtube.com/watch?v=tTAieUcNHdY,edureka!,https://www.youtube.com/c/edurekaIN,286K views,5 years ago,1. Data Science Job Trends 2. Data Science Interview Questions A. Statistics Questions B. Data Analytics Questions C. Machine ...
"
            
            Data Science in Telugu -- introduction - In Easy Way Session 01
          ",https://www.youtube.com/watch?v=7bOEOxCAawk,Trie Tree Technologies,https://www.youtube.com/c/TrieTreeTechnologies,94K views,2 years ago,"Trie Tree Technologies Data Science in easy way, for any queries please comment. #trietreetechnologies."
"
            
            6 Certifications In Data Science But No Jobs- Sharing A True Story-Focus More On Data Science Jobs
          ",https://www.youtube.com/watch?v=Q6GfF8fB7E4,Krish Naik,https://www.youtube.com/user/krishnaik06,401K views,1 year ago,Kite is a free AI-powered coding assistant that will help you code faster and smarter. The Kite plugin integrates with all the top ...
"
            
            How to Become a Data Scientist After 12th or Graduation in 2022 || What is Data Science .
          ",https://www.youtube.com/watch?v=rUV5AuX2rmo,Business Sections,https://www.youtube.com/c/BusinessSections,38K views,5 months ago,This video all about Data Science from | We shared complete details of Data science program . Odin School Data Science ...
"
            
            Como Empezar en DataScience
          ",https://www.youtube.com/watch?v=HDVZKT7eKiU,DataScience ForBusiness,https://www.youtube.com/c/DataScienceForBusiness,159K views,3 years ago,Suscríbete a este canal con el botón rojo que está debajo de los videos y pulsa la campana para que te notifique de las ...
"
            
            How to get a data science job
          ",https://www.youtube.com/watch?v=71RVNeseKZw,Tina Huang,https://www.youtube.com/c/TinaHuang1,55K views,1 year ago,This video is for those of you who are learning data science in the hopes of getting a data science internship or job. Just because ...
"
            
            What Data Scientists Do at Meta/Facebook
          ",https://www.youtube.com/watch?v=sdbcHsl_crU,Recall by Dataiku,https://www.youtube.com/c/RecallbyDataiku,3.7K views,3 weeks ago,"In this video, I talk about what data scientists do at meta as an ex-meta data scientist. Free Dataiku Learning Resource: ..."
"
            
            4 CR+ SALARY for DATA SCIENTISTS ??🔥GATE AIR-2 to MACHINE LEARNING @ AMAZON🔥 Scaler Data Science
          ",https://www.youtube.com/watch?v=6Gd9i3DxhkM,E-Learning Bridge,https://www.youtube.com/c/LearningBridge,343K views,1 month ago,"With 13 years of expertise, the lead instructor, Srikanth Varma Chekuri, co-founder and principal instructor at Applied AI ..."
"
            
            Como é ser data scientist no Nubank
          ",https://www.youtube.com/watch?v=umq9kCJFavw,Nubank,https://www.youtube.com/c/Nubank,99K views,3 years ago,Um dos grandes diferencias do Nubank é que todas as nossas decisões de negócio e produtos são tomadas a partir de dados.
"
            
            Let's know about Data Science - لنتعرف على علوم البيانات
          ",https://www.youtube.com/watch?v=EbB5LgG8p5M,TOUIL TALKS,https://www.youtube.com/c/OussamaTOUIL,8.8K views,Streamed 1 year ago,Let's know about Data Science - لنتعرف على علوم البيانات مع سكينة أبلحاد متنساش Tagi الناس اللي بغيتيهم إستفادو✌ ومتنساوش ...
"
            
            A Complete Guide To Become A Data Scientist🚀
          ",https://www.youtube.com/watch?v=9ndQovLzXVQ,Rahul M,https://www.youtube.com/c/RahulMyoutubeChannel,624K views,6 months ago,Registration Link - https://relvl.co/hla4 Job Details Page Link- Business Development: upGrad(BD) https://relvl.co/8rr Urban ...
"
            
            Data Science Course Kya hai ? | 12th Ke Baad Course Kaise Kare ? | B. Tech | Eligibility, Jobs?
          ",https://www.youtube.com/watch?v=9ES-C_8TxaM,Educational Words Touch,https://www.youtube.com/c/EducationalWordsTouch,12K views,8 months ago,"Hi, Welcome to my You Tube channel Educational Words Touch. About this video:- In this video I will discuss about 12th ke baad ..."
"
            
            马大其实不难进？Universiti Malaya 的 Master of Data Science 经验分享
          ",https://www.youtube.com/watch?v=L3mF83fzVcc,Xu Hao 旭浩,https://www.youtube.com/c/XuHaoTeoh,4.4K views,7 months ago,数据科学，Data Science是什么？ 想读硕士研究生的你，应该读Master of Data Science吗？ Universiti Malaya（马来亚大学）到底 ...
"
            
            Step by step roadmap to learn data science in 6 months |  Complete data science roadmap
          ",https://www.youtube.com/watch?v=H4YcqULY1-Q,codebasics,https://www.youtube.com/c/codebasics,636K views,1 year ago,Complete data science roadmap: Do you want to learn data science step by step starting from very beginning? Are you the person ...
